#Field1:s,Field2:s,Field3:s,Field4:s,Field5:s,Field6:s,Field7:s,Field8:s,Field9:s,Field10:s
Field1,Field2,Field3,Field4,Field5,Field6,Field7,Field8,Field9,Field10
Record1-Value1,Record1-Value2,Record1-Value3,Record1-Value4,Record1-Value5,Record1-Value6,Record1-Value7,Record1-Value8,Record1-Value9,Record1-Value10
Record1-Value1,Record1-Value2,Record1-Value3,Record1-Value4,Record1-Value5,Record1-Value6,Record1-Value7,Record1-Value8,Record1-Value9,Record1-Value10
Record1-Value1,Record1-Value2,Record1-Value3,Record1-Value4,Record1-Value5,Record1-Value6,Record1-Value7,Record1-Value8,Record1-Value9,Record1-Value10
Record1-Value1,Record1-Value2,Record1-Value3,Record1-Value4,Record1-Value5,Record1-Value6,Record1-Value7,Record1-Value8,Record1-Value9,Record1-Value10
Record1-Value1,Record1-Value2,Record1-Value3,Record1-Value4,Record1-Value5,Record1-Value6,Record1-Value7,Record1-Value8,Record1-Value9,Record1-Value10
Record1-Value1,Record1-Value2,Record1-Value3,Record1-Value4,Record1-Value5,Record1-Value6,Record1-Value7,Record1-Value8,Record1-Value9,Record1-Value10
Record1-Value1,Record1-Value2,Record1-Value3,Record1-Value4,Record1-Value5,Record1-Value6,Record1-Value7,Record1-Value8,Record1-Value9,Record1-Value10
Record1-Value1,Record1-Value2,Record1-Value3,Record1-Value4,Record1-Value5,Record1-Value6,Record1-Value7,Record1-Value8,Record1-Value9,Record1-Value10
Record1-Value1,Record1-Value2,Record1-Value3,Record1-Value4,Record1-Value5,Record1-Value6,Record1-Value7,Record1-Value8,Record1-Value9,Record1-Value10
Record1-Value1,Record1-Value2,Record1-Value3,Record1-Value4,Record1-Value5,Record1-Value6,Record1-Value7,Record1-Value8,Record1-Value9,Record1-Value10
Record1-Value1,Record1-Value2,Record1-Value3,Record1-Value4,Record1-Value5,Record1-Value6,Record1-Value7,Record1-Value8,Record1-Value9,Record1-Value10111
